[
 {
   "title": "Plain Crew Sleeveless Black",
   "image_name": "black-sleeveless-plain-crew",
   "color": "black",
   "sleeve": "none",
   "design": "plain",
   "neck": "crew"
 },
 {
   "title": "Plain V-Neck Sleeveless Black",
   "image_name": "black-sleeveless-plain-v-neck",
   "color": "black",
   "sleeve": "none",
   "design": "plain",
   "neck": "vneck"
 },
 {
   "title": "Plain Polo Sleeveless Black",
   "image_name": "black-sleeveless-plain-polo",
   "color": "black",
   "sleeve": "none",
   "design": "plain",
   "neck": "polo"
 },
 {
   "title": "Non-Plain Crew Sleeveless Black",
   "image_name": "black-sleeveless-graphic-crew",
   "color": "black",
   "sleeve": "none",
   "design": "non-plain",
   "neck": "crew"
 },
 {
   "title": "Non-Plain V-Neck Sleeveless Black",
   "image_name": "black-sleeveless-graphic-v-neck",
   "color": "black",
   "sleeve": "none",
   "design": "non-plain",
   "neck": "vneck"
 },
 {
   "title": "Plain Crew Short-Sleeve Black",
   "image_name": "black-short-plain-crew",
   "color": "black",
   "sleeve": "short",
   "design": "plain",
   "neck": "crew"
 },
 {
   "title": "Plain V-Neck Short-Sleeve Black",
   "image_name": "black-short-plain-v-neck",
   "color": "black",
   "sleeve": "short",
   "design": "plain",
   "neck": "vneck"
 },
 {
   "title": "Plain Polo Short-Sleeve Black",
   "image_name": "black-short-plain-polo",
   "color": "black",
   "sleeve": "short",
   "design": "plain",
   "neck": "polo"
 },
 {
   "title": "Non-Plain Crew Short-Sleeve Black",
   "image_name": "black-short-graphic-crew",
   "color": "black",
   "sleeve": "short",
   "design": "non-plain",
   "neck": "crew"
 },
 {
   "title": "Non-Plain V-Neck Short-Sleeve Black",
   "image_name": "black-short-graphic-v-neck",
   "color": "black",
   "sleeve": "short",
   "design": "non-plain",
   "neck": "vneck"
 },
 {
   "title": "Non-Plain Polo Short-Sleeve Black",
   "image_name": "black-short-graphic-polo",
   "color": "black",
   "sleeve": "short",
   "design": "non-plain",
   "neck": "polo"
 },
 {
   "title": "Plain Crew Long-Sleeve Black",
   "image_name": "black-long-plain-crew",
   "color": "black",
   "sleeve": "long",
   "design": "plain",
   "neck": "crew"
 },
 {
   "title": "Plain V-Neck Long-Sleeve Black",
   "image_name": "black-long-plain-v-neck",
   "color": "black",
   "sleeve": "long",
   "design": "plain",
   "neck": "vneck"
 },
 {
   "title": "Plain Polo Long-Sleeve Black",
   "image_name": "black-long-plain-polo",
   "color": "black",
   "sleeve": "long",
   "design": "plain",
   "neck": "polo"
 },
 {
   "title": "Non-Plain Crew Long-Sleeve Black",
   "image_name": "black-long-graphic-crew",
   "color": "black",
   "sleeve": "long",
   "design": "non-plain",
   "neck": "crew"
 },
 {
   "title": "Non-Plain V-Neck Long-Sleeve Black",
   "image_name": "black-long-graphic-v-neck",
   "color": "black",
   "sleeve": "long",
   "design": "non-plain",
   "neck": "vneck"
 },
 {
   "title": "Non-Plain Polo Long-Sleeve Black",
   "image_name": "black-long-graphic-polo",
   "color": "black",
   "sleeve": "long",
   "design": "non-plain",
   "neck": "polo"
 },
 {
   "title": "Plain Crew Sleeveless White",
   "image_name": "white-sleeveless-plain-crew",
   "color": "white",
   "sleeve": "none",
   "design": "plain",
   "neck": "crew"
 },
 {
   "title": "Plain V-Neck Sleeveless White",
   "image_name": "white-sleeveless-plain-v-neck",
   "color": "white",
   "sleeve": "none",
   "design": "plain",
   "neck": "vneck"
 },
 {
   "title": "Plain Polo Sleeveless White",
   "image_name": "white-sleeveless-plain-polo",
   "color": "white",
   "sleeve": "none",
   "design": "plain",
   "neck": "polo"
 },
 {
   "title": "Non-Plain Crew Sleeveless White",
   "image_name": "white-sleeveless-graphic-crew",
   "color": "white",
   "sleeve": "none",
   "design": "non-plain",
   "neck": "crew"
 },
 {
   "title": "Non-Plain V-Neck Sleeveless White",
   "image_name": "white-sleeveless-graphic-v-neck",
   "color": "white",
   "sleeve": "none",
   "design": "non-plain",
   "neck": "vneck"
 },
 {
   "title": "Plain Crew Short-Sleeve White",
   "image_name": "white-short-plain-crew",
   "color": "white",
   "sleeve": "short",
   "design": "plain",
   "neck": "crew"
 },
 {
   "title": "Plain V-Neck Short-Sleeve White",
   "image_name": "white-short-plain-v-neck",
   "color": "white",
   "sleeve": "short",
   "design": "plain",
   "neck": "vneck"
 },
 {
   "title": "Plain Polo Short-Sleeve White",
   "image_name": "white-short-plain-polo",
   "color": "white",
   "sleeve": "short",
   "design": "plain",
   "neck": "polo"
 },
 {
   "title": "Non-Plain Crew Short-Sleeve White",
   "image_name": "white-short-graphic-crew",
   "color": "white",
   "sleeve": "short",
   "design": "non-plain",
   "neck": "crew"
 },
 {
   "title": "Non-Plain V-Neck Short-Sleeve White",
   "image_name": "white-short-graphic-v-neck",
   "color": "white",
   "sleeve": "short",
   "design": "non-plain",
   "neck": "vneck"
 },
 {
   "title": "Non-Plain Polo Short-Sleeve White",
   "image_name": "white-short-graphic-polo",
   "color": "white",
   "sleeve": "short",
   "design": "non-plain",
   "neck": "polo"
 },
 {
   "title": "Plain Crew Long-Sleeve White",
   "image_name": "white-long-plain-crew",
   "color": "white",
   "sleeve": "long",
   "design": "plain",
   "neck": "crew"
 },
 {
   "title": "Plain V-Neck Long-Sleeve White",
   "image_name": "white-long-plain-v-neck",
   "color": "white",
   "sleeve": "long",
   "design": "plain",
   "neck": "vneck"
 },
 {
   "title": "Plain Polo Long-Sleeve White",
   "image_name": "white-long-plain-polo",
   "color": "white",
   "sleeve": "long",
   "design": "plain",
   "neck": "polo"
 },
 {
   "title": "Non-Plain Crew Long-Sleeve White",
   "image_name": "white-long-graphic-crew",
   "color": "white",
   "sleeve": "long",
   "design": "non-plain",
   "neck": "crew"
 },
 {
   "title": "Non-Plain V-Neck Long-Sleeve White",
   "image_name": "white-long-graphic-v-neck",
   "color": "white",
   "sleeve": "long",
   "design": "non-plain",
   "neck": "vneck"
 },
 {
   "title": "Non-Plain Polo Long-Sleeve White",
   "image_name": "white-long-graphic-polo",
   "color": "white",
   "sleeve": "long",
   "design": "non-plain",
   "neck": "polo"
 },
 {
   "title": "Plain Crew Sleeveless Blue",
   "image_name": "blue-sleeveless-plain-crew",
   "color": "blue",
   "sleeve": "none",
   "design": "plain",
   "neck": "crew"
 },
 {
   "title": "Plain V-Neck Sleeveless Blue",
   "image_name": "blue-sleeveless-plain-v-neck",
   "color": "blue",
   "sleeve": "none",
   "design": "plain",
   "neck": "vneck"
 },
 {
   "title": "Plain Polo Sleeveless Blue",
   "image_name": "blue-sleeveless-plain-polo",
   "color": "blue",
   "sleeve": "none",
   "design": "plain",
   "neck": "polo"
 },
 {
   "title": "Non-Plain Crew Sleeveless Blue",
   "image_name": "blue-sleeveless-graphic-crew",
   "color": "blue",
   "sleeve": "none",
   "design": "non-plain",
   "neck": "crew"
 },
 {
   "title": "Non-Plain V-Neck Sleeveless Blue",
   "image_name": "blue-sleeveless-graphic-v-neck",
   "color": "blue",
   "sleeve": "none",
   "design": "non-plain",
   "neck": "vneck"
 },
 {
   "title": "Plain Crew Short-Sleeve Blue",
   "image_name": "blue-short-plain-crew",
   "color": "blue",
   "sleeve": "short",
   "design": "plain",
   "neck": "crew"
 },
 {
   "title": "Plain V-Neck Short-Sleeve Blue",
   "image_name": "blue-short-plain-v-neck",
   "color": "blue",
   "sleeve": "short",
   "design": "plain",
   "neck": "vneck"
 },
 {
   "title": "Plain Polo Short-Sleeve Blue",
   "image_name": "blue-short-plain-polo",
   "color": "blue",
   "sleeve": "short",
   "design": "plain",
   "neck": "polo"
 },
 {
   "title": "Non-Plain Crew Short-Sleeve Blue",
   "image_name": "blue-short-graphic-crew",
   "color": "blue",
   "sleeve": "short",
   "design": "non-plain",
   "neck": "crew"
 },
 {
   "title": "Non-Plain V-Neck Short-Sleeve Blue",
   "image_name": "blue-short-graphic-v-neck",
   "color": "blue",
   "sleeve": "short",
   "design": "non-plain",
   "neck": "vneck"
 },
 {
   "title": "Non-Plain Polo Short-Sleeve Blue",
   "image_name": "blue-short-graphic-polo",
   "color": "blue",
   "sleeve": "short",
   "design": "non-plain",
   "neck": "polo"
 },
 {
   "title": "Plain Crew Long-Sleeve Blue",
   "image_name": "blue-long-plain-crew",
   "color": "blue",
   "sleeve": "long",
   "design": "plain",
   "neck": "crew"
 },
 {
   "title": "Plain V-Neck Long-Sleeve Blue",
   "image_name": "blue-long-plain-v-neck",
   "color": "blue",
   "sleeve": "long",
   "design": "plain",
   "neck": "vneck"
 },
 {
   "title": "Plain Polo Long-Sleeve Blue",
   "image_name": "blue-long-plain-polo",
   "color": "blue",
   "sleeve": "long",
   "design": "plain",
   "neck": "polo"
 },
 {
   "title": "Non-Plain Crew Long-Sleeve Blue",
   "image_name": "blue-long-graphic-crew",
   "color": "blue",
   "sleeve": "long",
   "design": "non-plain",
   "neck": "crew"
 },
 {
   "title": "Non-Plain V-Neck Long-Sleeve Blue",
   "image_name": "blue-long-graphic-v-neck",
   "color": "blue",
   "sleeve": "long",
   "design": "non-plain",
   "neck": "vneck"
 },
 {
   "title": "Non-Plain Polo Long-Sleeve Blue",
   "image_name": "blue-long-graphic-polo",
   "color": "blue",
   "sleeve": "long",
   "design": "non-plain",
   "neck": "polo"
 },
 {
   "title": "Plain Crew Sleeveless Red",
   "image_name": "red-sleeveless-plain-crew",
   "color": "red",
   "sleeve": "none",
   "design": "plain",
   "neck": "crew"
 },
 {
   "title": "Plain V-Neck Sleeveless Red",
   "image_name": "red-sleeveless-plain-v-neck",
   "color": "red",
   "sleeve": "none",
   "design": "plain",
   "neck": "vneck"
 },
 {
   "title": "Plain Polo Sleeveless Red",
   "image_name": "red-sleeveless-plain-polo",
   "color": "red",
   "sleeve": "none",
   "design": "plain",
   "neck": "polo"
 },
 {
   "title": "Non-Plain Crew Sleeveless Red",
   "image_name": "red-sleeveless-graphic-crew",
   "color": "red",
   "sleeve": "none",
   "design": "non-plain",
   "neck": "crew"
 },
 {
   "title": "Non-Plain V-Neck Sleeveless Red",
   "image_name": "red-sleeveless-graphic-v-neck",
   "color": "red",
   "sleeve": "none",
   "design": "non-plain",
   "neck": "vneck"
 },
 {
   "title": "Plain Crew Short-Sleeve Red",
   "image_name": "red-short-plain-crew",
   "color": "red",
   "sleeve": "short",
   "design": "plain",
   "neck": "crew"
 },
 {
   "title": "Plain V-Neck Short-Sleeve Red",
   "image_name": "red-short-plain-v-neck",
   "color": "red",
   "sleeve": "short",
   "design": "plain",
   "neck": "vneck"
 },
 {
   "title": "Plain Polo Short-Sleeve Red",
   "image_name": "red-short-plain-polo",
   "color": "red",
   "sleeve": "short",
   "design": "plain",
   "neck": "polo"
 },
 {
   "title": "Non-Plain Crew Short-Sleeve Red",
   "image_name": "red-short-graphic-crew",
   "color": "red",
   "sleeve": "short",
   "design": "non-plain",
   "neck": "crew"
 },
 {
   "title": "Non-Plain V-Neck Short-Sleeve Red",
   "image_name": "red-short-graphic-v-neck",
   "color": "red",
   "sleeve": "short",
   "design": "non-plain",
   "neck": "vneck"
 },
 {
   "title": "Non-Plain Polo Short-Sleeve Red",
   "image_name": "red-short-graphic-polo",
   "color": "red",
   "sleeve": "short",
   "design": "non-plain",
   "neck": "polo"
 },
 {
   "title": "Plain Crew Long-Sleeve Red",
   "image_name": "red-long-plain-crew",
   "color": "red",
   "sleeve": "long",
   "design": "plain",
   "neck": "crew"
 },
 {
   "title": "Plain V-Neck Long-Sleeve Red",
   "image_name": "red-long-plain-v-neck",
   "color": "red",
   "sleeve": "long",
   "design": "plain",
   "neck": "vneck"
 },
 {
   "title": "Plain Polo Long-Sleeve Red",
   "image_name": "red-long-plain-polo",
   "color": "red",
   "sleeve": "long",
   "design": "plain",
   "neck": "polo"
 },
 {
   "title": "Non-Plain Crew Long-Sleeve Red",
   "image_name": "red-long-graphic-crew",
   "color": "red",
   "sleeve": "long",
   "design": "non-plain",
   "neck": "crew"
 },
 {
   "title": "Non-Plain V-Neck Long-Sleeve Red",
   "image_name": "red-long-graphic-v-neck",
   "color": "red",
   "sleeve": "long",
   "design": "non-plain",
   "neck": "vneck"
 },
 {
   "title": "Non-Plain Polo Long-Sleeve Red",
   "image_name": "red-long-graphic-polo",
   "color": "red",
   "sleeve": "long",
   "design": "non-plain",
   "neck": "polo"
 }
]
